group_id,genotype_id,status_id,metabolite,normalized_control,p.value,q.value
ko_fed,ko,fed,Biotin,2.5606623647117854,0.04751112312925969,0.04751112312925969
ko_fed,ko,fed,L-cysteine,1.7208510039985268,0.01554312429308139,0.01554312429308139
ko_fed,ko,fed,Glycerol 3-phosphate,1.485014098410275,0.0016886715476930971,0.0016886715476930971
ko_fed,ko,fed,CDP-ethanolamine,1.4229425969466452,0.1386903099668772,0.1386903099668772
ko_fed,ko,fed,3-hydroxy-isovaleryl carnitine,1.4106869419443921,1.6218843667338312e-4,1.6218843667338312e-4
ko_fed,ko,fed,tetradecanoyl carnitine(myristoyl carnitine),1.3147896762701166,0.004149773490960435,0.004149773490960435
ko_fed,ko,fed,"sedoheptulose 1,7-bisphosphate",1.246883405692356,0.10655254937799939,0.10655254937799939
ko_fed,ko,fed,D-Glucosamine 6-phosphate,1.2046431257301862,0.0013180633663498213,0.0013180633663498213
ko_fed,ko,fed,lauroyl carnitine,1.199798174486465,6.763196117576373e-4,6.763196117576373e-4
ko_fed,ko,fed,taurolithocholate,1.1703258756290278,0.0023242234818804924,0.0023242234818804924
ko_fed,ko,fed,2-deoxycytidine,1.0944258097079047,0.04101675754931395,0.04101675754931395
ko_fed,ko,fed,tetradecenoate (n-C14:1),1.0931956074938765,0.002441239104332889,0.002441239104332889
ko_fed,ko,fed,tiglyl carnitine,1.0856071821877198,0.0023832825181338527,0.0023832825181338527
ko_fed,ko,fed,cytosine,1.0761781687064793,0.028336609762105218,0.028336609762105218
ko_fed,ko,fed,3-methyl-2-oxopentanoate/4-methyl-2-oxopentanoate(ketoleucine),1.04639151237917,0.010432661743458665,0.010432661743458665
ko_fed,ko,fed,Galactosylglycerol,1.0447000878496908,4.28634158219453e-4,4.28634158219453e-4
ko_fed,ko,fed,trans-caffeate/3-(4-hydroxyphenyl)pyruvate,1.0387381903669823,0.0015013846118820551,0.0015013846118820551
ko_fed,ko,fed,5-Methoxyindoleacetate,1.0189062653191125,0.018343671453876154,0.018343671453876154
ko_fed,ko,fed,Hypotaurine,0.9813372266031889,0.0010391053616029202,0.0010391053616029202
ko_fed,ko,fed,CDPcholine,0.950916883502194,0.001855869574348224,0.001855869574348224
ko_fed,ko,fed,N-Carbamoyl-L-aspartate,0.931364072352031,0.0018624500521192743,0.0018624500521192743
ko_fed,ko,fed,palmitoleate,0.9039140323970484,4.627563156278001e-5,4.627563156278001e-5
ko_fed,ko,fed,(4-hydroxy-3-methoxyphenyl)acetaldehyde,0.8987329223101513,0.01894188450763725,0.01894188450763725
ko_fed,ko,fed,sn-Glycero-3-phosphocholine,0.8881376653157638,6.516313858045615e-4,6.516313858045615e-4
ko_fed,ko,fed,4-Imidazolone-5-propanoate,0.870252242823895,0.017876424804638705,0.017876424804638705
ko_fed,ko,fed,Taurine,0.8075744637773615,7.928236013668392e-5,7.928236013668392e-5
ko_fed,ko,fed,docosahexaenoate(DHA),0.8035647103611853,0.008637559110458194,0.008637559110458194
ko_fed,ko,fed,cytidine,0.7823597349271184,0.04566126830904245,0.04566126830904245
ko_fed,ko,fed,"7,9-dihydro-1H-purine-2688(3H)-trione",0.7765230062028271,0.07392352650840871,0.07392352650840871
ko_fed,ko,fed,niacinamide,0.7755547386290841,0.022589429128452014,0.022589429128452014
ko_fed,ko,fed,Nicotinamide,0.7701609984962469,0.02176887575622877,0.02176887575622877
ko_fed,ko,fed,adenine,0.7551429974174214,0.042725499637340014,0.042725499637340014
ko_fed,ko,fed,N-acetyl-L-glutamate,0.7396535912381855,0.007581445640266399,0.007581445640266399
ko_fed,ko,fed,Folate,0.7314675118079718,0.03471853329570837,0.03471853329570837
ko_fed,ko,fed,butyryl carnitine,0.7264791716254942,0.005811646922815948,0.005811646922815948
ko_fed,ko,fed,N2-Formyl-N1-(5-phospho-D-ribosyl)glycinamide,0.7117820045561759,0.006641889876607558,0.006641889876607558
ko_fed,ko,fed,Thymidine,0.7052936490464793,0.07469022546669182,0.07469022546669182
ko_fed,ko,fed,2-Hydroxyglutarate,0.6943905826249205,7.478910761314083e-7,7.478910761314083e-7
ko_fed,ko,fed,3-Hydroxybutyrylcarnitine,0.6846762488520012,0.014075738751966714,0.014075738751966714
ko_fed,ko,fed,glycolithocholate,0.683148766526586,0.12610326848593684,0.12610326848593684
ko_fed,ko,fed,3-Keto-beta-D-galactose/L-Gulonolactone,0.6802874088165739,0.023707787924218942,0.023707787924218942
ko_fed,ko,fed,L-arabinitol/xylitol/D-ribitol,0.6718860693652218,2.9119295103072375e-4,2.9119295103072375e-4
ko_fed,ko,fed,CMP-N-acetyl-beta-neuraminate,0.6611125998146198,0.007499601839080187,0.007499601839080187
ko_fed,ko,fed,oleic acid/elaidate/trans-vaccenate,0.6572313294391657,0.005140112881069996,0.005140112881069996
ko_fed,ko,fed,thymine/imidazol-4-ylacetate,0.6535366965987457,0.07616993624085246,0.07616993624085246
ko_fed,ko,fed,gulonate,0.6443089880817917,5.024826707157712e-4,5.024826707157712e-4
ko_fed,ko,fed,L-xylonate/L-lyxonate,0.6428317072544409,0.015654346952359795,0.015654346952359795
ko_fed,ko,fed,Adrenaline/L-Normetanephrine,0.6401067448924351,0.0029114157287054338,0.0029114157287054338
ko_fed,ko,fed,L-tyrosine,0.6355321084938078,0.01496538950668555,0.01496538950668555
ko_fed,ko,fed,O-acetylcarnitine,0.62363520242319,0.0025737962494261518,0.0025737962494261518
ko_fed,ko,fed,xanthosine,0.618942843692866,0.062394616383020435,0.062394616383020435
ko_fed,ko,fed,coumarin,0.615434450651024,0.014708398963929047,0.014708398963929047
ko_fed,ko,fed,C9H8O3(3),0.6092866689993398,0.016263396608115623,0.016263396608115623
ko_fed,ko,fed,octanoyl carnitine/L-Octanoylcarnitine,0.6089644226246035,9.806299149530287e-4,9.806299149530287e-4
ko_fed,ko,fed,benzoate,0.6052799445776765,0.01789897516548644,0.01789897516548644
ko_fed,ko,fed,Glycyl-phenylalanine,0.6046844005794677,0.05391383666871396,0.05391383666871396
ko_fed,ko,fed,Taurodeoxycholic acid/taurochenodeoxycholate,0.5986791840822777,0.05672731100624265,0.05672731100624265
ko_fed,ko,fed,succinate(2-),0.5933481634157106,0.008211472634030593,0.008211472634030593
ko_fed,ko,fed,phenylacetaldehyde,0.5921299549368856,0.020138856433566686,0.020138856433566686
ko_fed,ko,fed,pendtadenoyl carnitine,0.5902668617152725,0.005219184675205345,0.005219184675205345
ko_fed,ko,fed,Eicosenoic acid,0.5813327107830363,0.00678995412262918,0.00678995412262918
ko_fed,ko,fed,Guanine,0.5783460790051554,0.005969380579113709,0.005969380579113709
ko_fed,ko,fed,(R)-2-hydroxy-4-methylpentanoate,0.5609336663547886,0.026219039290474415,0.026219039290474415
ko_fed,ko,fed,Methylimidazoleacetic acid,0.5578603908779023,0.010302780001268745,0.010302780001268745
ko_fed,ko,fed,S-[2-carboxy-1-(1 H-imidazol-4-yl)ethyl]-L-cysteine,0.5414022851933543,0.0017500920762157015,0.0017500920762157015
ko_fed,ko,fed,Trimethylamine N-oxide,0.5366782932679778,0.079620397627462,0.079620397627462
ko_fed,ko,fed,NN-dimethylglycine,0.5277607333600459,0.031290886420537914,0.031290886420537914
ko_fed,ko,fed,4-pyridoxate,0.5229245010366578,0.04900924390204078,0.04900924390204078
ko_fed,ko,fed,uracil,0.5223534018559128,0.020593586220397777,0.020593586220397777
ko_fed,ko,fed,GSSG,0.5118658069699507,0.010514883884781364,0.010514883884781364
ko_fed,ko,fed,decanoyl carnitine,0.5112064406889895,0.004746431125878874,0.004746431125878874
ko_fed,ko,fed,"beta-D-Fructose 1,6-bisphosphate",0.5077216450025285,0.10012180888388386,0.10012180888388386
ko_fed,ko,fed,beta-hydroxy-beta-methylbutyrate,0.5020696963919029,0.010364155685494645,0.010364155685494645
ko_fed,ko,fed,N-Formimidoyl-L-glutamate,0.49373372293416534,0.023575481289630214,0.023575481289630214
ko_fed,ko,fed,D-Glucosamine,0.48744608250190186,0.05696292859962853,0.05696292859962853
ko_fed,ko,fed,Riboflavin,0.48644153624738945,0.1402812416733605,0.1402812416733605
ko_fed,ko,fed,glycine,0.48125936503491573,0.003114901200800094,0.003114901200800094
ko_fed,ko,fed,gama-L-glutamyl-L-alpha-aminobutyrate,0.47473245859815094,0.022060587092836707,0.022060587092836707
ko_fed,ko,fed,Pyridoxine/Norepinephrine-1,0.47095803301748757,0.05049713801118234,0.05049713801118234
ko_fed,ko,fed,glycochenodeoxycholate,0.4645761071477388,0.01763900810661237,0.01763900810661237
ko_fed,ko,fed,adenosine diphosphate ribose,0.4596538547677298,0.20365718940219035,0.20365718940219035
ko_fed,ko,fed,L-erythrulose,0.457952596597399,0.06527669354386757,0.06527669354386757
ko_fed,ko,fed,L-palmitoylcarnitine,0.45292381772476514,0.03534071981684452,0.03534071981684452
ko_fed,ko,fed,alpha-D-glucose,0.45278900905797076,0.0638461418458558,0.0638461418458558
ko_fed,ko,fed,"clupanodonic acid/docosa-4,7,10,13,16-pentaenoic acid",0.4499851635448226,0.006837284135651371,0.006837284135651371
ko_fed,ko,fed,Deoxyinosine,0.44808328269946784,0.032993623031243986,0.032993623031243986
ko_fed,ko,fed,3-oxo-10(R)-hydroxy-octadeca-6E8E12Z-trienoate/3-oxo-10(S)-hydroxy-octadeca-6E8E12Z-trienoate,0.4480208176533343,0.28159746454468754,0.28159746454468754
ko_fed,ko,fed,Xanthine,0.44702108082969855,0.04157744611739319,0.04157744611739319
ko_fed,ko,fed,Dihydroxyacetone phosphate,0.44061634225998486,0.004589079920535995,0.004589079920535995
ko_fed,ko,fed,2-methylglutaconic acid,0.4309761863594943,0.048752331691619945,0.048752331691619945
ko_fed,ko,fed,C5H10O5(6),0.4293259125232787,0.037037481926255666,0.037037481926255666
ko_fed,ko,fed,2-acetamido-5-oxopentanoate,0.42559738793066276,0.07295741133004602,0.07295741133004602
ko_fed,ko,fed,lactate,0.4243730232529875,0.0036640971805032164,0.0036640971805032164
ko_fed,ko,fed,N-acetyl-L-aspartate/2-Amino-3-oxoadipate,0.4243025152536184,5.506511898420267e-4,5.506511898420267e-4
ko_fed,ko,fed,L-kynurenine/Formyl-5-hydroxykynurenamine,0.42210792915591594,0.10967005440910466,0.10967005440910466
ko_fed,ko,fed,2-aminomuconate,0.42000692144126955,0.002232975421950225,0.002232975421950225
ko_fed,ko,fed,ribose-phosphate,0.41895936119891647,0.002108843795692926,0.002108843795692926
ko_fed,ko,fed,N(2)-acetyl-L-ornithine,0.418947491198941,0.046034751469188596,0.046034751469188596
ko_fed,ko,fed,adrenochrome/N-benzoylglycinate,0.4138176349114495,0.04032142728171273,0.04032142728171273
ko_fed,ko,fed,L-methionine,0.40992802039962584,0.005075207043562786,0.005075207043562786
ko_fed,ko,fed,2-keto-4-methylthiobutyrate,0.40245375429600116,0.01105605021439856,0.01105605021439856
ko_fed,ko,fed,sphingosine/(2S)-1-hydroxy-3-oxooctadecan-2-aminium,0.40229956462507604,0.09207125442303832,0.09207125442303832
ko_fed,ko,fed,GMP,0.39837854301987363,0.2950800410000058,0.2950800410000058
ko_fed,ko,fed,myristate,0.39070937488034235,3.0448971399087355e-4,3.0448971399087355e-4
ko_fed,ko,fed,5-Hydroxyindoleacetate,0.3839789177359722,0.16033898868715865,0.16033898868715865
ko_fed,ko,fed,L-phenylalanine,0.3836687647670007,0.029871290844798826,0.029871290844798826
ko_fed,ko,fed,Sedoheptulose 7-phosphate,0.38154889819804794,0.002024044171530082,0.002024044171530082
ko_fed,ko,fed,C6H11NO3(4),0.38000813329823774,0.07310069514322674,0.07310069514322674
ko_fed,ko,fed,L-Iditol/D-glucitol/galactitol,0.37620997492693675,0.09684991244691761,0.09684991244691761
ko_fed,ko,fed,creatinine,0.3728906738677047,0.03573569814728479,0.03573569814728479
ko_fed,ko,fed,2-deoxy-D-ribose 5-phosphate/2-Deoxy-D-ribose 1-phosphate,0.3676235475227602,0.08447827206152929,0.08447827206152929
ko_fed,ko,fed,methyl indole-3-acetate,0.35667157901150165,0.007822513314349513,0.007822513314349513
ko_fed,ko,fed,C4H9NO2(4),0.3562161349269317,0.014247142295458258,0.014247142295458258
ko_fed,ko,fed,N-acetyl-seryl-aspartate,0.35415211325164125,0.0034539406460804903,0.0034539406460804903
ko_fed,ko,fed,Valine,0.34825401592452465,0.009365581528999125,0.009365581528999125
ko_fed,ko,fed,L-fucose/L-Fuculose,0.34327012083441727,0.10984321453459413,0.10984321453459413
ko_fed,ko,fed,L-threonate,0.3421349255268898,0.02078337375167734,0.02078337375167734
ko_fed,ko,fed,acetyl-CoA,0.3346488667457237,0.5353174507544661,0.5353174507544661
ko_fed,ko,fed,AMP,0.3290494997576445,0.003543761225913894,0.003543761225913894
ko_fed,ko,fed,L-isoleucine/L-leucine,0.32511881429662876,0.002147757660894601,0.002147757660894601
ko_fed,ko,fed,itaconate/Mesaconate,0.32391783932959467,0.011366372788130115,0.011366372788130115
ko_fed,ko,fed,GDP-D-mannose,0.3101002261879226,0.01654171259607322,0.01654171259607322
ko_fed,ko,fed,ADP-mannose/GDP-L-fucose/ADP alpha-D-glucoside,0.30543145029376717,0.013329298785886406,0.013329298785886406
ko_fed,ko,fed,L-tryptophan,0.3037735605719701,0.0037235925438762326,0.0037235925438762326
ko_fed,ko,fed,Hypoxanthine,0.2861251680753962,0.09769555721300953,0.09769555721300953
ko_fed,ko,fed,D-Alanyl-D-alanine,0.28514920623307205,0.7272635399922207,0.7272635399922207
ko_fed,ko,fed,C4H6O3(3),0.2744001682140282,0.04019191617071305,0.04019191617071305
ko_fed,ko,fed,pseudoecgonine/ecgonine,0.2585276130147207,0.008072040841969679,0.008072040841969679
ko_fed,ko,fed,Diphosphate,0.23613512833825703,0.0667990048367098,0.0667990048367098
ko_fed,ko,fed,2-oxoglutarate(2-),0.21527299073318082,0.15826802706363888,0.15826802706363888
ko_fed,ko,fed,C20H28O2(7),0.21315240410980843,0.2665120082012407,0.2665120082012407
ko_fed,ko,fed,cis-aconitate,0.21251774763579453,0.025399153694350758,0.025399153694350758
ko_fed,ko,fed,trans-Hexadec-2-enoyl carnitine,0.19604771152370168,0.13521885898114397,0.13521885898114397
ko_fed,ko,fed,"8,11,14-Eicosatrienoic acid (DGLA)",0.1886675889025895,0.13501276689028277,0.13501276689028277
ko_fed,ko,fed,thiosulfate,0.18342541435158685,0.5438604390630803,0.5438604390630803
ko_fed,ko,fed,Glycylproline/L-Prolinylglycine,0.17575531376498313,0.07253019296563748,0.07253019296563748
ko_fed,ko,fed,stearoylcarnitine,0.16841088588048336,0.40808760021929136,0.40808760021929136
ko_fed,ko,fed,NAD+,0.1679412731887512,0.03796920685708165,0.03796920685708165
ko_fed,ko,fed,citrate/isocitrate,0.15800804958670392,0.09739884295263113,0.09739884295263113
ko_fed,ko,fed,N-phosphocreatinate,0.15661682005397162,0.006602953932940318,0.006602953932940318
ko_fed,ko,fed,"5,6-dihydrothymine",0.15064736195853476,0.02381469244138724,0.02381469244138724
ko_fed,ko,fed,C20H32O4(21),0.1475091294955201,0.34298480210032306,0.34298480210032306
ko_fed,ko,fed,Methionine sulfoxide,0.14091150579352885,0.09083157184930635,0.09083157184930635
ko_fed,ko,fed,C20H28O(5),0.1391962403029273,0.34821877783348476,0.34821877783348476
ko_fed,ko,fed,heptadecanoyl carnitine,0.1363971059792958,0.5004100989675301,0.5004100989675301
ko_fed,ko,fed,Elaidic carnitine/Vaccenyl carnitine,0.13456378648783485,0.3419477114032793,0.3419477114032793
ko_fed,ko,fed,citr_L[e],0.12159390438345359,0.17286910071361572,0.17286910071361572
ko_fed,ko,fed,(R)-carnitine,0.12027522342179253,0.2687657155639536,0.2687657155639536
ko_fed,ko,fed,D-Glycerate 3-phosphate/D-Glycerate 2-phosphate,0.11668481987344255,0.31500784797757814,0.31500784797757814
ko_fed,ko,fed,creatine,0.11299436367724287,0.013003302162229708,0.013003302162229708
ko_fed,ko,fed,N-Methylethanolamine phosphate,0.10198518516380044,0.19630772030924246,0.19630772030924246
ko_fed,ko,fed,arginine,0.09435296822322314,0.040727264797096395,0.040727264797096395
ko_fed,ko,fed,L-cysteinylglycine,0.09268588251950878,0.21849399131577077,0.21849399131577077
ko_fed,ko,fed,(-)-Salsolinol/NN-dimethyldopaminequinone-1,0.06894485095111473,0.7367880625686212,0.7367880625686212
ko_fed,ko,fed,arachidonic acid,0.06359712273528828,0.31073232879700236,0.31073232879700236
ko_fed,ko,fed,glutathione,0.063054635041361,0.4110953588923037,0.4110953588923037
ko_fed,ko,fed,Phosphodimethylethanolamine,0.062268766823875644,0.1711293865921189,0.1711293865921189
ko_fed,ko,fed,UDP-D-glucuronate,0.05555880708610772,0.7140376073081351,0.7140376073081351
ko_fed,ko,fed,carnosine,0.05515910546063433,0.652183365878322,0.652183365878322
ko_fed,ko,fed,C9H13N5O3(4),0.04702180221484653,0.8711506392912423,0.8711506392912423
ko_fed,ko,fed,D-glycerate,0.046538376169309004,0.709552035726609,0.709552035726609
ko_fed,ko,fed,tetradecenoyl carnitine,0.04460836907908927,0.5421474247090127,0.5421474247090127
ko_fed,ko,fed,3-dehydro-L-gulonate/D-glucuronate/L-iduronate,0.040445668036902305,0.7481985173992654,0.7481985173992654
ko_fed,ko,fed,glutaryl carnitine,0.03554002481384799,0.7870544224180959,0.7870544224180959
ko_fed,ko,fed,5-Methylthioadenosine,0.03189929011360467,0.785327751151361,0.785327751151361
ko_fed,ko,fed,UDP-alpha-D-xylose,0.018932949735241067,0.9361528092519917,0.9361528092519917
ko_fed,ko,fed,S-adenosyl-L-methionine,0.011871524886373663,0.908365240019604,0.908365240019604
ko_fed,ko,fed,glycine betaine,0.004101794510717127,0.9065883471742298,0.9065883471742298
ko_fed,ko,fed,Phosphoenolpyruvate,0.0036721324812880596,0.9015264542389517,0.9015264542389517
ko_fed,ko,fed,"4-Hydroxyphenylacetate/2-Hydroxyphenylacetate/3,4-Dihydroxyphenylacetaldehyde",-4.886802172994938e-5,0.9934755455928124,0.9934755455928124
ko_fed,ko,fed,linoleic acid/linoelaidic acid (all trans C18:2)/octadecadienoate (n-C18:2),-0.007861611054217121,0.8031743108006328,0.8031743108006328
ko_fed,ko,fed,C20H30O2(4),-0.012597952362362719,0.8664408671009352,0.8664408671009352
ko_fed,ko,fed,L-threonine,-0.013136381917200643,0.8701778185367273,0.8701778185367273
ko_fed,ko,fed,pentadecanoate,-0.01756441178041257,0.8050564165464577,0.8050564165464577
ko_fed,ko,fed,L-alanine,-0.02417833866812913,0.33968354100811704,0.33968354100811704
ko_fed,ko,fed,nonanoate,-0.024834061448618883,0.8303158325851828,0.8303158325851828
ko_fed,ko,fed,propionyl-carnitine,-0.026658827746315932,0.6785800343671933,0.6785800343671933
ko_fed,ko,fed,acetamidopropanal,-0.04810714471612343,0.5293568499110497,0.5293568499110497
ko_fed,ko,fed,L-proline,-0.04810714471612343,0.5293568499110497,0.5293568499110497
ko_fed,ko,fed,gama-L-glutamyl-L-alanine/5-L-Glutamyl-L-alanine-1,-0.04952083049547085,0.7392805617246092,0.7392805617246092
ko_fed,ko,fed,malate(2-),-0.07219725949144144,0.03143273003422042,0.03143273003422042
ko_fed,ko,fed,caprate,-0.07433151124072641,0.5189198563401274,0.5189198563401274
ko_fed,ko,fed,fumarate,-0.0839770695861534,0.03659054896516896,0.03659054896516896
ko_fed,ko,fed,"4-hydroxy-2-nonenal/3,4-epoxynonanal",-0.08490190532285997,0.3912828595780428,0.3912828595780428
ko_fed,ko,fed,3-Deoxy-D-glycero-D-galacto-2-nonulosonic acid,-0.0849329703569417,0.4232735791438567,0.4232735791438567
ko_fed,ko,fed,Linoleyl carnitine/Linoelaidyl carnitine,-0.11259784648681403,0.520959847182354,0.520959847182354
ko_fed,ko,fed,N(omega)-(L-Arginino)succinate,-0.11746199315573828,0.22089452330808043,0.22089452330808043
ko_fed,ko,fed,guanosine,-0.11998786389661475,0.6394980160938568,0.6394980160938568
ko_fed,ko,fed,(R)-mevalonate,-0.12689413487420018,0.044882438270224784,0.044882438270224784
ko_fed,ko,fed,fructoseglycine,-0.13216406942616862,0.9193788743011224,0.9193788743011224
ko_fed,ko,fed,laurate,-0.13260855629380805,0.45989310646473885,0.45989310646473885
ko_fed,ko,fed,D-Erythrose 4-phosphate,-0.13721049632032134,0.3289696396694459,0.3289696396694459
ko_fed,ko,fed,dopaminochrome,-0.15044850753494052,0.39798949562776376,0.39798949562776376
ko_fed,ko,fed,Pyridoxal,-0.15942907254413186,0.2663474153779603,0.2663474153779603
ko_fed,ko,fed,L-glutamate,-0.16166078937246553,5.895730750000062e-4,5.895730750000062e-4
ko_fed,ko,fed,dTTP,-0.1618333016547299,0.5156634612738571,0.5156634612738571
ko_fed,ko,fed,Coenzyme A,-0.16967533193234866,0.6113585702978029,0.6113585702978029
ko_fed,ko,fed,3-Ureidoisobutyrate/Glycylsarcosine,-0.17403731646321555,0.08230031559891311,0.08230031559891311
ko_fed,ko,fed,L-4-hydroxyglutamate semialdehyde,-0.17866324982870907,0.0011986486506300744,0.0011986486506300744
ko_fed,ko,fed,palmitate,-0.17871915772648705,0.3968142419148351,0.3968142419148351
ko_fed,ko,fed,phenylacetate/(4-hydroxyphenyl)acetaldehyde,-0.18032514261941537,0.26871241039844035,0.26871241039844035
ko_fed,ko,fed,UDP-D-glucose/UDP-D-galactose,-0.1816403057101219,0.02576844176683618,0.02576844176683618
ko_fed,ko,fed,stearate,-0.18464500736463663,0.21303124411205984,0.21303124411205984
ko_fed,ko,fed,thiamine,-0.18750851799302262,0.4414529453164235,0.4414529453164235
ko_fed,ko,fed,L-glutamine,-0.18780804223372863,0.07226643806755777,0.07226643806755777
ko_fed,ko,fed,pyruvate,-0.20549013813470887,0.1325569030573057,0.1325569030573057
ko_fed,ko,fed,decenoyl carnitine,-0.22179401932927334,0.22894640642056843,0.22894640642056843
ko_fed,ko,fed,adenosine,-0.23339121207361066,0.5843827959615213,0.5843827959615213
ko_fed,ko,fed,margarate,-0.2353332214248939,0.08534391819676108,0.08534391819676108
ko_fed,ko,fed,Deoxyuridine,-0.23721469987211563,0.28912677105030726,0.28912677105030726
ko_fed,ko,fed,ATP,-0.24370198708799862,0.35922360686062,0.35922360686062
ko_fed,ko,fed,dATP,-0.24565908222703806,0.41536227188909847,0.41536227188909847
ko_fed,ko,fed,perillyl aldehyde,-0.24615653183952682,0.1466204838009668,0.1466204838009668
ko_fed,ko,fed,G6P/F6P,-0.2485531960549577,0.07438933929174066,0.07438933929174066
ko_fed,ko,fed,L-2-aminoadipate,-0.2500492515775837,0.03588866901039135,0.03588866901039135
ko_fed,ko,fed,UMP,-0.26331199907131736,0.13761803395174396,0.13761803395174396
ko_fed,ko,fed,choline phosphate,-0.26924381910802,0.12657092936794037,0.12657092936794037
ko_fed,ko,fed,4-nitrophenolate,-0.2725228932909012,0.033774230895776816,0.033774230895776816
ko_fed,ko,fed,6-Phosphogluconic acid,-0.27428573257297845,0.375794668828007,0.375794668828007
ko_fed,ko,fed,myo-inositol,-0.2748637412244814,0.04697491275128851,0.04697491275128851
ko_fed,ko,fed,omega hydroxy tetradecanoate (n-C14:0),-0.2801929359834965,0.14553765437992278,0.14553765437992278
ko_fed,ko,fed,C6H12O6(5),-0.2852143535190261,0.04399652917049803,0.04399652917049803
ko_fed,ko,fed,NADP+,-0.29647471649579177,0.5849263138357607,0.5849263138357607
ko_fed,ko,fed,UDP-N-acetyl-alpha-D-glucosamine/UDP-N-acetyl-alpha-D-galactosamine,-0.30397268473790956,0.0030007235320027646,0.0030007235320027646
ko_fed,ko,fed,acetylcholine/4-(trimethylammonio)butanoate,-0.30855249411186847,0.00742855375863165,0.00742855375863165
ko_fed,ko,fed,phytanic acid/arachidic acid,-0.3221135561114205,0.06558837059630535,0.06558837059630535
ko_fed,ko,fed,S-Adenosyl-L-homocysteine,-0.3413135823135616,0.4540733709350107,0.4540733709350107
ko_fed,ko,fed,lysine,-0.34690542020348164,0.004705593375943073,0.004705593375943073
ko_fed,ko,fed,4-hydroperoxy-2-nonenal,-0.3606015702260912,0.023128101527957533,0.023128101527957533
ko_fed,ko,fed,C4H8O3(3),-0.3704960287460099,0.015424357275990848,0.015424357275990848
ko_fed,ko,fed,UDP,-0.3706729288516624,0.01663740803485888,0.01663740803485888
ko_fed,ko,fed,succinyl carnitine,-0.37702499561809927,0.09246054254044347,0.09246054254044347
ko_fed,ko,fed,limonene/(+)-alpha-pinene,-0.3889195839098865,0.11036740476885468,0.11036740476885468
ko_fed,ko,fed,Methylisocitric acid/2-methylcitrate,-0.4004611871925962,0.004641341012884013,0.004641341012884013
ko_fed,ko,fed,2-Ketobutyric acid,-0.40546207168776033,0.002928161630114014,0.002928161630114014
ko_fed,ko,fed,CDP,-0.41228831358310103,0.214373861170186,0.214373861170186
ko_fed,ko,fed,9(10)-EpOME/12(13)-EpOME,-0.41314112448059603,0.44341845382945844,0.44341845382945844
ko_fed,ko,fed,Azelaic acid,-0.430489155483824,0.013190662536019917,0.013190662536019917
ko_fed,ko,fed,L-serine,-0.4462074247697885,0.011582944730018335,0.011582944730018335
ko_fed,ko,fed,Glycylleucine,-0.45084602068230595,0.009484161795193355,0.009484161795193355
ko_fed,ko,fed,UTP,-0.4966505410408348,0.17813049171561934,0.17813049171561934
ko_fed,ko,fed,N-acetylneuraminic acid,-0.5041639000710786,0.19306417042572965,0.19306417042572965
ko_fed,ko,fed,S-(2-Methylpropanoyl)-dihydrolipoamide,-0.5125612471354705,0.44245145003719283,0.44245145003719283
ko_fed,ko,fed,N6N6N6-Trimethyl-L-lysine,-0.5234123537613952,2.772281461011749e-4,2.772281461011749e-4
ko_fed,ko,fed,naphthalene,-0.5622504700792336,0.010893899986688656,0.010893899986688656
ko_fed,ko,fed,4(R)-hydroxy-dodec-6Z-enoate/4(S)-hydroxy-dodec-6Z-enoate,-0.6072953481138631,0.028558977911080734,0.028558977911080734
ko_fed,ko,fed,octenoyl carnitine,-0.6118260073628837,0.0015352804034380648,0.0015352804034380648
ko_fed,ko,fed,ADP,-0.6384967522338082,0.033818123877842506,0.033818123877842506
ko_fed,ko,fed,L-Alanyl-L-leucine,-0.6515357569295119,0.0013560826006184697,0.0013560826006184697
ko_fed,ko,fed,GDP,-0.671689082537244,0.004468989478025245,0.004468989478025245
ko_fed,ko,fed,(S)-dihydroorotate,-0.7173614000007369,0.12042360577527438,0.12042360577527438
ko_fed,ko,fed,L-histidine,-0.7301964368071374,0.015672667313601424,0.015672667313601424
ko_fed,ko,fed,L-cysteate,-0.7579768846909248,0.021622323657162656,0.021622323657162656
ko_fed,ko,fed,uridine,-0.783960858576588,0.1712488622243749,0.1712488622243749
ko_fed,ko,fed,omega hydroxy hexadecanoate (n-C16:0),-0.805759692578904,0.04068575322839016,0.04068575322839016
ko_fed,ko,fed,aspartate,-0.8507000092754305,2.183818429121605e-5,2.183818429121605e-5
ko_fed,ko,fed,CTP,-0.8614837167765756,0.046899765343880385,0.046899765343880385
ko_fed,ko,fed,omega hydroxy dodecanoate (n-C12:0),-0.8648323074489769,0.004390459708395431,0.004390459708395431
ko_fed,ko,fed,inosine,-0.8699838333835169,0.007091435181010611,0.007091435181010611
ko_fed,ko,fed,O-Phospho-L-serine,-0.9515186086180426,0.00488630888902511,0.00488630888902511
ko_fed,ko,fed,adipic acid,-0.9520626487406764,0.05930757624608306,0.05930757624608306
ko_fed,ko,fed,CMP-N-trimethyl-2-aminoethylphosphonate,-1.1167603235717891,0.11717004429026084,0.11717004429026084
ko_fed,ko,fed,L-asparagine,-1.1458553326108063,0.0014010841308744954,0.0014010841308744954
ko_fed,ko,fed,Ureidopropionic acid/Glycyl-glycine,-1.1517179191266855,0.0014591692006723337,0.0014591692006723337
ko_fed,ko,fed,Ornithine,-1.1563726539036072,0.0062297514676279446,0.0062297514676279446
ko_fed,ko,fed,C18H32O4(3),-1.1712950610373458,0.007543042809129979,0.007543042809129979
ko_fed,ko,fed,GTP,-1.2660614497408684,0.035203361559852785,0.035203361559852785
ko_fed,ko,fed,Flavin adenine dinucleotide oxidized,-1.3054007963222685,0.361392800524844,0.361392800524844
ko_fed,ko,fed,Cystine,-1.5463949469465643,0.2067891854343487,0.2067891854343487
ko_fed,ko,fed,Hexadecanedioic acid,-1.56807349782873,0.006011406314281876,0.006011406314281876
ko_fed,ko,fed,"9,10-hydroxyoctadec-12(Z)-enoate/12,13-hydroxyoctadec-9(Z)-enoate",-1.6115044534055774,0.006901195247133535,0.006901195247133535
ko_fed,ko,fed,3(S)10(R)-OH-octadeca-6-trans-412-cis-trienoate,-1.6384012961243368,0.006653766008285861,0.006653766008285861
ko_fed,ko,fed,L-cystathionine,-2.09674130898863,7.502621047172623e-4,7.502621047172623e-4
ko_fed,ko,fed,3-Hydroxy-N6N6N6-trimethyl-L-lysine,-2.4199633323169345,5.825170819358539e-4,5.825170819358539e-4
ko_fed,ko,fed,isoputreanine/putreanine,-2.757016024526134,0.0036086074521681005,0.0036086074521681005
ko_fed,ko,fed,oxalatosuccinate,-4.195425039246724,0.008073989649215,0.008073989649215
